url,status,httpStatus,canonical,title,description,language,h1Count,schemaCount,errors,blocked,brokenReferences,warnings
"https://decimaltools.com/","PASS","200","https://decimaltools.com","Free Decimal Converter & Calculator | DecimalTools","Free online decimal converter. Convert fractions to decimals, inches to decimal, decimals to hours and more — instantly. No sign-up. Works on mobile & desktop.","en","1","2","","","",""
"https://decimaltools.com/blog","PASS","200","https://decimaltools.com/blog","Decimal & Measurement Guides | DecimalTools","Practical guides to fractions, decimal inches and measurement conversions, with worked examples and free calculators.","en","1","2","","","",""
"https://decimaltools.com/terms","PASS","200","https://decimaltools.com/terms","DecimalTools Terms of Service | 100% Free Online Tools","Read the DecimalTools Terms of Service. Discover our commitment to providing 100% free online tools, downloaders, and converters with no hidden fees or paywalls.","en","1","2","","","",""
"https://decimaltools.com/privacy","PASS","200","https://decimaltools.com/privacy","Privacy Policy","How DecimalTools collects, uses, and protects information when you use our free online tools at decimaltools.com.","en","1","2","","","",""
"https://decimaltools.com/tools","PASS","200","https://decimaltools.com/tools","Free Decimal, Measurement & Time Converters | DecimalTools","Choose from 12 free tools for fractions, decimal inches, millimeters, time and character codes. Compare features and find the converter for your task.","en","1","2","","","",""
"https://decimaltools.com/tags","PASS","200","https://decimaltools.com/tags","Tags - Browse All Blog Topics","Browse all 3 tags and explore 1 articles organized by topics on Free Decimal Converter & Calculator | DecimalTools. Find content about fractions, measurement and decimal conversions.","en","1","3","","","",""
"https://decimaltools.com/about","PASS","200","https://decimaltools.com/about","About DecimalTools","Free decimal, fraction, measurement, time and character-code converters, maintained by Geeks Kai. Learn about DecimalTools and how to contact us.","en","1","3","","","",""
"https://decimaltools.com/blog/tools/how-to-convert-inches-to-a-decimal","PASS","200","https://decimaltools.com/blog/tools/how-to-convert-inches-to-a-decimal","How to Convert Inches to Decimal Inches: Quick Guide & Chart (2026)","Convert fractional inches to decimal inches by dividing the numerator by the denominator, then adding whole inches for mixed numbers. Includes examples, a 1/64""-1"" chart, FAQs, and a free Inches to Decimal Converter.","en","1","2","","","",""
"https://decimaltools.com/tools/decimal-to-char","PASS","200","https://decimaltools.com/tools/decimal-to-char","Decimal to ASCII Converter - Decimal Code to Character Tool | DecimalTools","Convert decimal ASCII codes to characters instantly. Decode decimal, binary, and hex ASCII values, or encode plain ASCII text back into numeric codes.","en","1","3","","","",""
"https://decimaltools.com/tools/decimal-to-millimeter","PASS","200","https://decimaltools.com/tools/decimal-to-millimeter","Decimal to Millimeter Converter - Inch to mm and mm to Inch | DecimalTools","Convert decimal inches to millimeters instantly with exact 25.4 factor. Also supports mm to inch conversion, fraction input, precision control, and one-tap copy.","en","1","3","","","",""
"https://decimaltools.com/tools/decimal-to-inches-calculator","PASS","200","https://decimaltools.com/tools/decimal-to-inches-calculator","Decimal Inches to Fractions & Tape Measure | DecimalTools","Convert decimal inches to exact or nearest tape-measure fractions. Select 1/4 to 1/64 precision, rounding direction and feet-inch output.","en","1","3","","","",""
"https://decimaltools.com/tools/millimeters-to-decimal","PASS","200","https://decimaltools.com/tools/millimeters-to-decimal","Millimeters to Decimal Converter - mm to Inches + Fraction | DecimalTools","Convert millimeters to decimal inches with exact 1/25.4 precision. Get nearest common fraction, precision offset, rounding controls, and copy-ready formats.","en","1","3","","","",""
"https://decimaltools.com/tools/hours-to-decimal-calculator","PASS","200","https://decimaltools.com/tools/hours-to-decimal-calculator","Hours to Decimal Calculator - Payroll Time Converter | DecimalTools","Convert HH:MM, HH:MM:SS, 1h 30m, or 90 min to decimal hours instantly. Includes quarter-hour, tenth-hour, and 7-minute payroll rounding with wage totals and batch export.","en","1","3","","","",""
"https://decimaltools.com/tools/time-to-decimal-converter","PASS","200","https://decimaltools.com/tools/time-to-decimal-converter","Time to Decimal Converter - Hours, Minutes, Days | DecimalTools","Convert HH:MM:SS, 1h 30m, 2 days 6 hours, or 2:30 PM into decimal hours, minutes, or days instantly. Includes precision control, interpretation breadcrumbs, and reverse conversion.","en","1","3","","","",""
"https://decimaltools.com/tools/hexa-to-decimal","PASS","200","https://decimaltools.com/tools/hexa-to-decimal","Hexa to Decimal Converter - Signed, Unsigned, BigInt Debug Tool | DecimalTools","Convert hexadecimal to decimal instantly with signed/unsigned logic, 8/16/32/64-bit two's complement, endian toggle, binary/octal/ASCII previews, and bit-flip visualization.","en","1","3","","","",""
"https://decimaltools.com/tools/inches-to-decimals","PASS","200","https://decimaltools.com/tools/inches-to-decimals","Fractional Inches to Decimals: Quick Input & Chart | DecimalTools","Turn fractions and mixed inches into decimal inches with a quick fraction grid, auto-copy option and millimeter preview. Choose up to 6 decimal places.","en","1","3","","","",""
"https://decimaltools.com/tools/gauge-to-decimal","PASS","200","https://decimaltools.com/tools/gauge-to-decimal","Gauge to Decimal Converter - Sheet Metal & AWG Size to Inches/mm | DecimalTools","Convert gauge to decimal inches and millimeters instantly. Compare sheet steel, galvanized, stainless, aluminum, and AWG wire standards with tolerance guidance.","en","1","3","","","",""
"https://decimaltools.com/tools/decimal-to-text","PASS","200","https://decimaltools.com/tools/decimal-to-text","Decimal to Text Converter - Convert Decimal Codes to Plain Text | DecimalTools","Convert decimal character codes into text instantly. Paste values like 72 101 108 108 111 and get Hello in one click.","en","1","3","","","",""
"https://decimaltools.com/tools/fraction-to-decimal","PASS","200","https://decimaltools.com/tools/fraction-to-decimal","Fraction to Decimal Converter — Free Math Calculator | DecimalTools","Convert fractions and mixed numbers to decimals (and decimals to fractions) instantly. Clear answers for homework: e.g. 3/8 = 0.375, 1 1/2 = 1.5. Free, no sign-up.","en","1","3","","","",""
"https://decimaltools.com/tools/convert-inches-to-decimal","PASS","200","https://decimaltools.com/tools/convert-inches-to-decimal","Inches to Decimal Converter with Visual Ruler | DecimalTools","Convert fractional inches to decimal inches and back. Check measurements on a visual ruler, choose precision, and reuse recent conversions.","en","1","3","","","",""
"https://decimaltools.com/tags/measurement","PASS","200","https://decimaltools.com/tags/measurement","Measurement - Tag Archive","Explore 1 article tagged with ""Measurement"" on Free Decimal Converter & Calculator | DecimalTools. Discover in-depth content, tutorials, and insights about measurement.","en","1","3","","","",""
"https://decimaltools.com/tags/tutorials","PASS","200","https://decimaltools.com/tags/tutorials","Tutorials - Tag Archive","Explore 1 article tagged with ""Tutorials"" on Free Decimal Converter & Calculator | DecimalTools. Discover in-depth content, tutorials, and insights about tutorials.","en","1","3","","","",""
"https://decimaltools.com/tags/construction","PASS","200","https://decimaltools.com/tags/construction","Construction - Tag Archive","Explore 1 article tagged with ""Construction"" on Free Decimal Converter & Calculator | DecimalTools. Discover in-depth content, tutorials, and insights about construction.","en","1","3","","","",""
"https://decimaltools.com/tools/as-a-decimal","PASS","200","https://decimaltools.com/tools/as-a-decimal","Fraction as a Decimal Pages | Popular Fractions and Mixed Numbers | DecimalTools","Browse high-intent fraction as a decimal pages for common searches like 1/2, 2/3, 3/8, 5/6, and mixed numbers such as 1 1/2 or 3 3/4.","en","1","4","","","",""
"https://decimaltools.com/tools/as-a-decimal/1-2","PASS","200","https://decimaltools.com/tools/as-a-decimal/1-2","What is 1/2 as a decimal? | DecimalTools","1/2 as a decimal is 0.5. Instant conversion — also try our full fraction calculator.","en","1","2","","","",""
"https://decimaltools.com/tools/as-a-decimal/1-3","PASS","200","https://decimaltools.com/tools/as-a-decimal/1-3","What is 1/3 as a decimal? | DecimalTools","1/3 as a decimal is 0.333333333333. Instant conversion — also try our full fraction calculator.","en","1","2","","","",""
"https://decimaltools.com/tools/as-a-decimal/2-3","PASS","200","https://decimaltools.com/tools/as-a-decimal/2-3","What is 2/3 as a decimal? | DecimalTools","2/3 as a decimal is 0.666666666667. Instant conversion — also try our full fraction calculator.","en","1","2","","","",""
"https://decimaltools.com/tools/as-a-decimal/1-4","PASS","200","https://decimaltools.com/tools/as-a-decimal/1-4","What is 1/4 as a decimal? | DecimalTools","1/4 as a decimal is 0.25. Instant conversion — also try our full fraction calculator.","en","1","2","","","",""
"https://decimaltools.com/tools/as-a-decimal/3-4","PASS","200","https://decimaltools.com/tools/as-a-decimal/3-4","What is 3/4 as a decimal? | DecimalTools","3/4 as a decimal is 0.75. Instant conversion — also try our full fraction calculator.","en","1","2","","","",""
"https://decimaltools.com/tools/as-a-decimal/1-5","PASS","200","https://decimaltools.com/tools/as-a-decimal/1-5","What is 1/5 as a decimal? | DecimalTools","1/5 as a decimal is 0.2. Instant conversion — also try our full fraction calculator.","en","1","2","","","",""
"https://decimaltools.com/tools/as-a-decimal/2-5","PASS","200","https://decimaltools.com/tools/as-a-decimal/2-5","What is 2/5 as a decimal? | DecimalTools","2/5 as a decimal is 0.4. Instant conversion — also try our full fraction calculator.","en","1","2","","","",""
"https://decimaltools.com/tools/as-a-decimal/3-5","PASS","200","https://decimaltools.com/tools/as-a-decimal/3-5","What is 3/5 as a decimal? | DecimalTools","3/5 as a decimal is 0.6. Instant conversion — also try our full fraction calculator.","en","1","2","","","",""
"https://decimaltools.com/tools/as-a-decimal/4-5","PASS","200","https://decimaltools.com/tools/as-a-decimal/4-5","What is 4/5 as a decimal? | DecimalTools","4/5 as a decimal is 0.8. Instant conversion — also try our full fraction calculator.","en","1","2","","","",""
"https://decimaltools.com/tools/as-a-decimal/1-6","PASS","200","https://decimaltools.com/tools/as-a-decimal/1-6","What is 1/6 as a decimal? | DecimalTools","1/6 as a decimal is 0.166666666667. Instant conversion — also try our full fraction calculator.","en","1","2","","","",""
"https://decimaltools.com/tools/as-a-decimal/5-6","PASS","200","https://decimaltools.com/tools/as-a-decimal/5-6","What is 5/6 as a decimal? | DecimalTools","5/6 as a decimal is 0.833333333333. Instant conversion — also try our full fraction calculator.","en","1","2","","","",""
"https://decimaltools.com/tools/as-a-decimal/1-7","PASS","200","https://decimaltools.com/tools/as-a-decimal/1-7","What is 1/7 as a decimal? | DecimalTools","1/7 as a decimal is 0.142857142857. Instant conversion — also try our full fraction calculator.","en","1","2","","","",""
"https://decimaltools.com/tools/as-a-decimal/2-7","PASS","200","https://decimaltools.com/tools/as-a-decimal/2-7","What is 2/7 as a decimal? | DecimalTools","2/7 as a decimal is 0.285714285714. Instant conversion — also try our full fraction calculator.","en","1","2","","","",""
"https://decimaltools.com/tools/as-a-decimal/3-7","PASS","200","https://decimaltools.com/tools/as-a-decimal/3-7","What is 3/7 as a decimal? | DecimalTools","3/7 as a decimal is 0.428571428571. Instant conversion — also try our full fraction calculator.","en","1","2","","","",""
"https://decimaltools.com/tools/as-a-decimal/4-7","PASS","200","https://decimaltools.com/tools/as-a-decimal/4-7","What is 4/7 as a decimal? | DecimalTools","4/7 as a decimal is 0.571428571429. Instant conversion — also try our full fraction calculator.","en","1","2","","","",""
"https://decimaltools.com/tools/as-a-decimal/5-7","PASS","200","https://decimaltools.com/tools/as-a-decimal/5-7","What is 5/7 as a decimal? | DecimalTools","5/7 as a decimal is 0.714285714286. Instant conversion — also try our full fraction calculator.","en","1","2","","","",""
"https://decimaltools.com/tools/as-a-decimal/6-7","PASS","200","https://decimaltools.com/tools/as-a-decimal/6-7","What is 6/7 as a decimal? | DecimalTools","6/7 as a decimal is 0.857142857143. Instant conversion — also try our full fraction calculator.","en","1","2","","","",""
"https://decimaltools.com/tools/as-a-decimal/1-8","PASS","200","https://decimaltools.com/tools/as-a-decimal/1-8","What is 1/8 as a decimal? | DecimalTools","1/8 as a decimal is 0.125. Instant conversion — also try our full fraction calculator.","en","1","2","","","",""
"https://decimaltools.com/tools/as-a-decimal/3-8","PASS","200","https://decimaltools.com/tools/as-a-decimal/3-8","What is 3/8 as a decimal? | DecimalTools","3/8 as a decimal is 0.375. Instant conversion — also try our full fraction calculator.","en","1","2","","","",""
"https://decimaltools.com/tools/as-a-decimal/5-8","PASS","200","https://decimaltools.com/tools/as-a-decimal/5-8","What is 5/8 as a decimal? | DecimalTools","5/8 as a decimal is 0.625. Instant conversion — also try our full fraction calculator.","en","1","2","","","",""
"https://decimaltools.com/tools/as-a-decimal/7-8","PASS","200","https://decimaltools.com/tools/as-a-decimal/7-8","What is 7/8 as a decimal? | DecimalTools","7/8 as a decimal is 0.875. Instant conversion — also try our full fraction calculator.","en","1","2","","","",""
"https://decimaltools.com/tools/as-a-decimal/1-9","PASS","200","https://decimaltools.com/tools/as-a-decimal/1-9","What is 1/9 as a decimal? | DecimalTools","1/9 as a decimal is 0.111111111111. Instant conversion — also try our full fraction calculator.","en","1","2","","","",""
"https://decimaltools.com/tools/as-a-decimal/2-9","PASS","200","https://decimaltools.com/tools/as-a-decimal/2-9","What is 2/9 as a decimal? | DecimalTools","2/9 as a decimal is 0.222222222222. Instant conversion — also try our full fraction calculator.","en","1","2","","","",""
"https://decimaltools.com/tools/as-a-decimal/4-9","PASS","200","https://decimaltools.com/tools/as-a-decimal/4-9","What is 4/9 as a decimal? | DecimalTools","4/9 as a decimal is 0.444444444444. Instant conversion — also try our full fraction calculator.","en","1","2","","","",""
"https://decimaltools.com/tools/as-a-decimal/5-9","PASS","200","https://decimaltools.com/tools/as-a-decimal/5-9","What is 5/9 as a decimal? | DecimalTools","5/9 as a decimal is 0.555555555556. Instant conversion — also try our full fraction calculator.","en","1","2","","","",""
"https://decimaltools.com/tools/as-a-decimal/7-9","PASS","200","https://decimaltools.com/tools/as-a-decimal/7-9","What is 7/9 as a decimal? | DecimalTools","7/9 as a decimal is 0.777777777778. Instant conversion — also try our full fraction calculator.","en","1","2","","","",""
"https://decimaltools.com/tools/as-a-decimal/8-9","PASS","200","https://decimaltools.com/tools/as-a-decimal/8-9","What is 8/9 as a decimal? | DecimalTools","8/9 as a decimal is 0.888888888889. Instant conversion — also try our full fraction calculator.","en","1","2","","","",""
"https://decimaltools.com/tools/as-a-decimal/1-10","PASS","200","https://decimaltools.com/tools/as-a-decimal/1-10","What is 1/10 as a decimal? | DecimalTools","1/10 as a decimal is 0.1. Instant conversion — also try our full fraction calculator.","en","1","2","","","",""
"https://decimaltools.com/tools/as-a-decimal/3-10","PASS","200","https://decimaltools.com/tools/as-a-decimal/3-10","What is 3/10 as a decimal? | DecimalTools","3/10 as a decimal is 0.3. Instant conversion — also try our full fraction calculator.","en","1","2","","","",""
"https://decimaltools.com/tools/as-a-decimal/7-10","PASS","200","https://decimaltools.com/tools/as-a-decimal/7-10","What is 7/10 as a decimal? | DecimalTools","7/10 as a decimal is 0.7. Instant conversion — also try our full fraction calculator.","en","1","2","","","",""
"https://decimaltools.com/tools/as-a-decimal/9-10","PASS","200","https://decimaltools.com/tools/as-a-decimal/9-10","What is 9/10 as a decimal? | DecimalTools","9/10 as a decimal is 0.9. Instant conversion — also try our full fraction calculator.","en","1","2","","","",""
"https://decimaltools.com/tools/as-a-decimal/1-11","PASS","200","https://decimaltools.com/tools/as-a-decimal/1-11","What is 1/11 as a decimal? | DecimalTools","1/11 as a decimal is 0.090909090909. Instant conversion — also try our full fraction calculator.","en","1","2","","","",""
"https://decimaltools.com/tools/as-a-decimal/2-11","PASS","200","https://decimaltools.com/tools/as-a-decimal/2-11","What is 2/11 as a decimal? | DecimalTools","2/11 as a decimal is 0.181818181818. Instant conversion — also try our full fraction calculator.","en","1","2","","","",""
"https://decimaltools.com/tools/as-a-decimal/3-11","PASS","200","https://decimaltools.com/tools/as-a-decimal/3-11","What is 3/11 as a decimal? | DecimalTools","3/11 as a decimal is 0.272727272727. Instant conversion — also try our full fraction calculator.","en","1","2","","","",""
"https://decimaltools.com/tools/as-a-decimal/4-11","PASS","200","https://decimaltools.com/tools/as-a-decimal/4-11","What is 4/11 as a decimal? | DecimalTools","4/11 as a decimal is 0.363636363636. Instant conversion — also try our full fraction calculator.","en","1","2","","","",""
"https://decimaltools.com/tools/as-a-decimal/5-11","PASS","200","https://decimaltools.com/tools/as-a-decimal/5-11","What is 5/11 as a decimal? | DecimalTools","5/11 as a decimal is 0.454545454545. Instant conversion — also try our full fraction calculator.","en","1","2","","","",""
"https://decimaltools.com/tools/as-a-decimal/6-11","PASS","200","https://decimaltools.com/tools/as-a-decimal/6-11","What is 6/11 as a decimal? | DecimalTools","6/11 as a decimal is 0.545454545455. Instant conversion — also try our full fraction calculator.","en","1","2","","","",""
"https://decimaltools.com/tools/as-a-decimal/7-11","PASS","200","https://decimaltools.com/tools/as-a-decimal/7-11","What is 7/11 as a decimal? | DecimalTools","7/11 as a decimal is 0.636363636364. Instant conversion — also try our full fraction calculator.","en","1","2","","","",""
"https://decimaltools.com/tools/as-a-decimal/8-11","PASS","200","https://decimaltools.com/tools/as-a-decimal/8-11","What is 8/11 as a decimal? | DecimalTools","8/11 as a decimal is 0.727272727273. Instant conversion — also try our full fraction calculator.","en","1","2","","","",""
"https://decimaltools.com/tools/as-a-decimal/9-11","PASS","200","https://decimaltools.com/tools/as-a-decimal/9-11","What is 9/11 as a decimal? | DecimalTools","9/11 as a decimal is 0.818181818182. Instant conversion — also try our full fraction calculator.","en","1","2","","","",""
"https://decimaltools.com/tools/as-a-decimal/10-11","PASS","200","https://decimaltools.com/tools/as-a-decimal/10-11","What is 10/11 as a decimal? | DecimalTools","10/11 as a decimal is 0.909090909091. Instant conversion — also try our full fraction calculator.","en","1","2","","","",""
"https://decimaltools.com/tools/as-a-decimal/1-12","PASS","200","https://decimaltools.com/tools/as-a-decimal/1-12","What is 1/12 as a decimal? | DecimalTools","1/12 as a decimal is 0.083333333333. Instant conversion — also try our full fraction calculator.","en","1","2","","","",""
"https://decimaltools.com/tools/as-a-decimal/5-12","PASS","200","https://decimaltools.com/tools/as-a-decimal/5-12","What is 5/12 as a decimal? | DecimalTools","5/12 as a decimal is 0.416666666667. Instant conversion — also try our full fraction calculator.","en","1","2","","","",""
"https://decimaltools.com/tools/as-a-decimal/7-12","PASS","200","https://decimaltools.com/tools/as-a-decimal/7-12","What is 7/12 as a decimal? | DecimalTools","7/12 as a decimal is 0.583333333333. Instant conversion — also try our full fraction calculator.","en","1","2","","","",""
"https://decimaltools.com/tools/as-a-decimal/11-12","PASS","200","https://decimaltools.com/tools/as-a-decimal/11-12","What is 11/12 as a decimal? | DecimalTools","11/12 as a decimal is 0.916666666667. Instant conversion — also try our full fraction calculator.","en","1","2","","","",""
"https://decimaltools.com/tools/as-a-decimal/1-13","PASS","200","https://decimaltools.com/tools/as-a-decimal/1-13","What is 1/13 as a decimal? | DecimalTools","1/13 as a decimal is 0.076923076923. Instant conversion — also try our full fraction calculator.","en","1","2","","","",""
"https://decimaltools.com/tools/as-a-decimal/2-13","PASS","200","https://decimaltools.com/tools/as-a-decimal/2-13","What is 2/13 as a decimal? | DecimalTools","2/13 as a decimal is 0.153846153846. Instant conversion — also try our full fraction calculator.","en","1","2","","","",""
"https://decimaltools.com/tools/as-a-decimal/3-13","PASS","200","https://decimaltools.com/tools/as-a-decimal/3-13","What is 3/13 as a decimal? | DecimalTools","3/13 as a decimal is 0.230769230769. Instant conversion — also try our full fraction calculator.","en","1","2","","","",""
"https://decimaltools.com/tools/as-a-decimal/4-13","PASS","200","https://decimaltools.com/tools/as-a-decimal/4-13","What is 4/13 as a decimal? | DecimalTools","4/13 as a decimal is 0.307692307692. Instant conversion — also try our full fraction calculator.","en","1","2","","","",""
"https://decimaltools.com/tools/as-a-decimal/5-13","PASS","200","https://decimaltools.com/tools/as-a-decimal/5-13","What is 5/13 as a decimal? | DecimalTools","5/13 as a decimal is 0.384615384615. Instant conversion — also try our full fraction calculator.","en","1","2","","","",""
"https://decimaltools.com/tools/as-a-decimal/6-13","PASS","200","https://decimaltools.com/tools/as-a-decimal/6-13","What is 6/13 as a decimal? | DecimalTools","6/13 as a decimal is 0.461538461538. Instant conversion — also try our full fraction calculator.","en","1","2","","","",""
"https://decimaltools.com/tools/as-a-decimal/7-13","PASS","200","https://decimaltools.com/tools/as-a-decimal/7-13","What is 7/13 as a decimal? | DecimalTools","7/13 as a decimal is 0.538461538462. Instant conversion — also try our full fraction calculator.","en","1","2","","","",""
"https://decimaltools.com/tools/as-a-decimal/8-13","PASS","200","https://decimaltools.com/tools/as-a-decimal/8-13","What is 8/13 as a decimal? | DecimalTools","8/13 as a decimal is 0.615384615385. Instant conversion — also try our full fraction calculator.","en","1","2","","","",""
"https://decimaltools.com/tools/as-a-decimal/9-13","PASS","200","https://decimaltools.com/tools/as-a-decimal/9-13","What is 9/13 as a decimal? | DecimalTools","9/13 as a decimal is 0.692307692308. Instant conversion — also try our full fraction calculator.","en","1","2","","","",""
"https://decimaltools.com/tools/as-a-decimal/10-13","PASS","200","https://decimaltools.com/tools/as-a-decimal/10-13","What is 10/13 as a decimal? | DecimalTools","10/13 as a decimal is 0.769230769231. Instant conversion — also try our full fraction calculator.","en","1","2","","","",""
"https://decimaltools.com/tools/as-a-decimal/11-13","PASS","200","https://decimaltools.com/tools/as-a-decimal/11-13","What is 11/13 as a decimal? | DecimalTools","11/13 as a decimal is 0.846153846154. Instant conversion — also try our full fraction calculator.","en","1","2","","","",""
"https://decimaltools.com/tools/as-a-decimal/12-13","PASS","200","https://decimaltools.com/tools/as-a-decimal/12-13","What is 12/13 as a decimal? | DecimalTools","12/13 as a decimal is 0.923076923077. Instant conversion — also try our full fraction calculator.","en","1","2","","","",""
"https://decimaltools.com/tools/as-a-decimal/1-14","PASS","200","https://decimaltools.com/tools/as-a-decimal/1-14","What is 1/14 as a decimal? | DecimalTools","1/14 as a decimal is 0.071428571429. Instant conversion — also try our full fraction calculator.","en","1","2","","","",""
"https://decimaltools.com/tools/as-a-decimal/3-14","PASS","200","https://decimaltools.com/tools/as-a-decimal/3-14","What is 3/14 as a decimal? | DecimalTools","3/14 as a decimal is 0.214285714286. Instant conversion — also try our full fraction calculator.","en","1","2","","","",""
"https://decimaltools.com/tools/as-a-decimal/5-14","PASS","200","https://decimaltools.com/tools/as-a-decimal/5-14","What is 5/14 as a decimal? | DecimalTools","5/14 as a decimal is 0.357142857143. Instant conversion — also try our full fraction calculator.","en","1","2","","","",""
"https://decimaltools.com/tools/as-a-decimal/9-14","PASS","200","https://decimaltools.com/tools/as-a-decimal/9-14","What is 9/14 as a decimal? | DecimalTools","9/14 as a decimal is 0.642857142857. Instant conversion — also try our full fraction calculator.","en","1","2","","","",""
"https://decimaltools.com/tools/as-a-decimal/11-14","PASS","200","https://decimaltools.com/tools/as-a-decimal/11-14","What is 11/14 as a decimal? | DecimalTools","11/14 as a decimal is 0.785714285714. Instant conversion — also try our full fraction calculator.","en","1","2","","","",""
"https://decimaltools.com/tools/as-a-decimal/13-14","PASS","200","https://decimaltools.com/tools/as-a-decimal/13-14","What is 13/14 as a decimal? | DecimalTools","13/14 as a decimal is 0.928571428571. Instant conversion — also try our full fraction calculator.","en","1","2","","","",""
"https://decimaltools.com/tools/as-a-decimal/1-15","PASS","200","https://decimaltools.com/tools/as-a-decimal/1-15","What is 1/15 as a decimal? | DecimalTools","1/15 as a decimal is 0.066666666667. Instant conversion — also try our full fraction calculator.","en","1","2","","","",""
"https://decimaltools.com/tools/as-a-decimal/2-15","PASS","200","https://decimaltools.com/tools/as-a-decimal/2-15","What is 2/15 as a decimal? | DecimalTools","2/15 as a decimal is 0.133333333333. Instant conversion — also try our full fraction calculator.","en","1","2","","","",""
"https://decimaltools.com/tools/as-a-decimal/4-15","PASS","200","https://decimaltools.com/tools/as-a-decimal/4-15","What is 4/15 as a decimal? | DecimalTools","4/15 as a decimal is 0.266666666667. Instant conversion — also try our full fraction calculator.","en","1","2","","","",""
"https://decimaltools.com/tools/as-a-decimal/7-15","PASS","200","https://decimaltools.com/tools/as-a-decimal/7-15","What is 7/15 as a decimal? | DecimalTools","7/15 as a decimal is 0.466666666667. Instant conversion — also try our full fraction calculator.","en","1","2","","","",""
"https://decimaltools.com/tools/as-a-decimal/8-15","PASS","200","https://decimaltools.com/tools/as-a-decimal/8-15","What is 8/15 as a decimal? | DecimalTools","8/15 as a decimal is 0.533333333333. Instant conversion — also try our full fraction calculator.","en","1","2","","","",""
"https://decimaltools.com/tools/as-a-decimal/11-15","PASS","200","https://decimaltools.com/tools/as-a-decimal/11-15","What is 11/15 as a decimal? | DecimalTools","11/15 as a decimal is 0.733333333333. Instant conversion — also try our full fraction calculator.","en","1","2","","","",""
"https://decimaltools.com/tools/as-a-decimal/13-15","PASS","200","https://decimaltools.com/tools/as-a-decimal/13-15","What is 13/15 as a decimal? | DecimalTools","13/15 as a decimal is 0.866666666667. Instant conversion — also try our full fraction calculator.","en","1","2","","","",""
"https://decimaltools.com/tools/as-a-decimal/14-15","PASS","200","https://decimaltools.com/tools/as-a-decimal/14-15","What is 14/15 as a decimal? | DecimalTools","14/15 as a decimal is 0.933333333333. Instant conversion — also try our full fraction calculator.","en","1","2","","","",""
"https://decimaltools.com/tools/as-a-decimal/1-16","PASS","200","https://decimaltools.com/tools/as-a-decimal/1-16","What is 1/16 as a decimal? | DecimalTools","1/16 as a decimal is 0.0625. Instant conversion — also try our full fraction calculator.","en","1","2","","","",""
"https://decimaltools.com/tools/as-a-decimal/3-16","PASS","200","https://decimaltools.com/tools/as-a-decimal/3-16","What is 3/16 as a decimal? | DecimalTools","3/16 as a decimal is 0.1875. Instant conversion — also try our full fraction calculator.","en","1","2","","","",""
"https://decimaltools.com/tools/as-a-decimal/5-16","PASS","200","https://decimaltools.com/tools/as-a-decimal/5-16","What is 5/16 as a decimal? | DecimalTools","5/16 as a decimal is 0.3125. Instant conversion — also try our full fraction calculator.","en","1","2","","","",""
"https://decimaltools.com/tools/as-a-decimal/7-16","PASS","200","https://decimaltools.com/tools/as-a-decimal/7-16","What is 7/16 as a decimal? | DecimalTools","7/16 as a decimal is 0.4375. Instant conversion — also try our full fraction calculator.","en","1","2","","","",""
"https://decimaltools.com/tools/as-a-decimal/9-16","PASS","200","https://decimaltools.com/tools/as-a-decimal/9-16","What is 9/16 as a decimal? | DecimalTools","9/16 as a decimal is 0.5625. Instant conversion — also try our full fraction calculator.","en","1","2","","","",""
"https://decimaltools.com/tools/as-a-decimal/11-16","PASS","200","https://decimaltools.com/tools/as-a-decimal/11-16","What is 11/16 as a decimal? | DecimalTools","11/16 as a decimal is 0.6875. Instant conversion — also try our full fraction calculator.","en","1","2","","","",""
"https://decimaltools.com/tools/as-a-decimal/13-16","PASS","200","https://decimaltools.com/tools/as-a-decimal/13-16","What is 13/16 as a decimal? | DecimalTools","13/16 as a decimal is 0.8125. Instant conversion — also try our full fraction calculator.","en","1","2","","","",""
"https://decimaltools.com/tools/as-a-decimal/15-16","PASS","200","https://decimaltools.com/tools/as-a-decimal/15-16","What is 15/16 as a decimal? | DecimalTools","15/16 as a decimal is 0.9375. Instant conversion — also try our full fraction calculator.","en","1","2","","","",""
"https://decimaltools.com/tools/as-a-decimal/1-32","PASS","200","https://decimaltools.com/tools/as-a-decimal/1-32","What is 1/32 as a decimal? | DecimalTools","1/32 as a decimal is 0.03125. Instant conversion — also try our full fraction calculator.","en","1","2","","","",""
"https://decimaltools.com/tools/as-a-decimal/3-32","PASS","200","https://decimaltools.com/tools/as-a-decimal/3-32","What is 3/32 as a decimal? | DecimalTools","3/32 as a decimal is 0.09375. Instant conversion — also try our full fraction calculator.","en","1","2","","","",""
"https://decimaltools.com/tools/as-a-decimal/5-32","PASS","200","https://decimaltools.com/tools/as-a-decimal/5-32","What is 5/32 as a decimal? | DecimalTools","5/32 as a decimal is 0.15625. Instant conversion — also try our full fraction calculator.","en","1","2","","","",""
"https://decimaltools.com/tools/as-a-decimal/7-32","PASS","200","https://decimaltools.com/tools/as-a-decimal/7-32","What is 7/32 as a decimal? | DecimalTools","7/32 as a decimal is 0.21875. Instant conversion — also try our full fraction calculator.","en","1","2","","","",""
"https://decimaltools.com/tools/as-a-decimal/9-32","PASS","200","https://decimaltools.com/tools/as-a-decimal/9-32","What is 9/32 as a decimal? | DecimalTools","9/32 as a decimal is 0.28125. Instant conversion — also try our full fraction calculator.","en","1","2","","","",""
"https://decimaltools.com/tools/as-a-decimal/11-32","PASS","200","https://decimaltools.com/tools/as-a-decimal/11-32","What is 11/32 as a decimal? | DecimalTools","11/32 as a decimal is 0.34375. Instant conversion — also try our full fraction calculator.","en","1","2","","","",""
"https://decimaltools.com/tools/as-a-decimal/13-32","PASS","200","https://decimaltools.com/tools/as-a-decimal/13-32","What is 13/32 as a decimal? | DecimalTools","13/32 as a decimal is 0.40625. Instant conversion — also try our full fraction calculator.","en","1","2","","","",""
"https://decimaltools.com/tools/as-a-decimal/15-32","PASS","200","https://decimaltools.com/tools/as-a-decimal/15-32","What is 15/32 as a decimal? | DecimalTools","15/32 as a decimal is 0.46875. Instant conversion — also try our full fraction calculator.","en","1","2","","","",""
"https://decimaltools.com/tools/as-a-decimal/17-32","PASS","200","https://decimaltools.com/tools/as-a-decimal/17-32","What is 17/32 as a decimal? | DecimalTools","17/32 as a decimal is 0.53125. Instant conversion — also try our full fraction calculator.","en","1","2","","","",""
"https://decimaltools.com/tools/as-a-decimal/19-32","PASS","200","https://decimaltools.com/tools/as-a-decimal/19-32","What is 19/32 as a decimal? | DecimalTools","19/32 as a decimal is 0.59375. Instant conversion — also try our full fraction calculator.","en","1","2","","","",""
"https://decimaltools.com/tools/as-a-decimal/21-32","PASS","200","https://decimaltools.com/tools/as-a-decimal/21-32","What is 21/32 as a decimal? | DecimalTools","21/32 as a decimal is 0.65625. Instant conversion — also try our full fraction calculator.","en","1","2","","","",""
"https://decimaltools.com/tools/as-a-decimal/23-32","PASS","200","https://decimaltools.com/tools/as-a-decimal/23-32","What is 23/32 as a decimal? | DecimalTools","23/32 as a decimal is 0.71875. Instant conversion — also try our full fraction calculator.","en","1","2","","","",""
"https://decimaltools.com/tools/as-a-decimal/25-32","PASS","200","https://decimaltools.com/tools/as-a-decimal/25-32","What is 25/32 as a decimal? | DecimalTools","25/32 as a decimal is 0.78125. Instant conversion — also try our full fraction calculator.","en","1","2","","","",""
"https://decimaltools.com/tools/as-a-decimal/27-32","PASS","200","https://decimaltools.com/tools/as-a-decimal/27-32","What is 27/32 as a decimal? | DecimalTools","27/32 as a decimal is 0.84375. Instant conversion — also try our full fraction calculator.","en","1","2","","","",""
"https://decimaltools.com/tools/as-a-decimal/29-32","PASS","200","https://decimaltools.com/tools/as-a-decimal/29-32","What is 29/32 as a decimal? | DecimalTools","29/32 as a decimal is 0.90625. Instant conversion — also try our full fraction calculator.","en","1","2","","","",""
"https://decimaltools.com/tools/as-a-decimal/31-32","PASS","200","https://decimaltools.com/tools/as-a-decimal/31-32","What is 31/32 as a decimal? | DecimalTools","31/32 as a decimal is 0.96875. Instant conversion — also try our full fraction calculator.","en","1","2","","","",""
"https://decimaltools.com/tools/as-a-decimal/3-2","PASS","200","https://decimaltools.com/tools/as-a-decimal/3-2","What is 3/2 as a decimal? | DecimalTools","3/2 as a decimal is 1.5. Instant conversion — also try our full fraction calculator.","en","1","2","","","",""
"https://decimaltools.com/tools/as-a-decimal/5-2","PASS","200","https://decimaltools.com/tools/as-a-decimal/5-2","What is 5/2 as a decimal? | DecimalTools","5/2 as a decimal is 2.5. Instant conversion — also try our full fraction calculator.","en","1","2","","","",""
"https://decimaltools.com/tools/as-a-decimal/7-2","PASS","200","https://decimaltools.com/tools/as-a-decimal/7-2","What is 7/2 as a decimal? | DecimalTools","7/2 as a decimal is 3.5. Instant conversion — also try our full fraction calculator.","en","1","2","","","",""
"https://decimaltools.com/tools/as-a-decimal/9-2","PASS","200","https://decimaltools.com/tools/as-a-decimal/9-2","What is 9/2 as a decimal? | DecimalTools","9/2 as a decimal is 4.5. Instant conversion — also try our full fraction calculator.","en","1","2","","","",""
"https://decimaltools.com/tools/as-a-decimal/4-3","PASS","200","https://decimaltools.com/tools/as-a-decimal/4-3","What is 4/3 as a decimal? | DecimalTools","4/3 as a decimal is 1.333333333333. Instant conversion — also try our full fraction calculator.","en","1","2","","","",""
"https://decimaltools.com/tools/as-a-decimal/5-3","PASS","200","https://decimaltools.com/tools/as-a-decimal/5-3","What is 5/3 as a decimal? | DecimalTools","5/3 as a decimal is 1.666666666667. Instant conversion — also try our full fraction calculator.","en","1","2","","","",""
"https://decimaltools.com/tools/as-a-decimal/7-3","PASS","200","https://decimaltools.com/tools/as-a-decimal/7-3","What is 7/3 as a decimal? | DecimalTools","7/3 as a decimal is 2.333333333333. Instant conversion — also try our full fraction calculator.","en","1","2","","","",""
"https://decimaltools.com/tools/as-a-decimal/8-3","PASS","200","https://decimaltools.com/tools/as-a-decimal/8-3","What is 8/3 as a decimal? | DecimalTools","8/3 as a decimal is 2.666666666667. Instant conversion — also try our full fraction calculator.","en","1","2","","","",""
"https://decimaltools.com/tools/as-a-decimal/5-4","PASS","200","https://decimaltools.com/tools/as-a-decimal/5-4","What is 5/4 as a decimal? | DecimalTools","5/4 as a decimal is 1.25. Instant conversion — also try our full fraction calculator.","en","1","2","","","",""
"https://decimaltools.com/tools/as-a-decimal/7-4","PASS","200","https://decimaltools.com/tools/as-a-decimal/7-4","What is 7/4 as a decimal? | DecimalTools","7/4 as a decimal is 1.75. Instant conversion — also try our full fraction calculator.","en","1","2","","","",""
"https://decimaltools.com/tools/as-a-decimal/9-4","PASS","200","https://decimaltools.com/tools/as-a-decimal/9-4","What is 9/4 as a decimal? | DecimalTools","9/4 as a decimal is 2.25. Instant conversion — also try our full fraction calculator.","en","1","2","","","",""
"https://decimaltools.com/tools/as-a-decimal/9-8","PASS","200","https://decimaltools.com/tools/as-a-decimal/9-8","What is 9/8 as a decimal? | DecimalTools","9/8 as a decimal is 1.125. Instant conversion — also try our full fraction calculator.","en","1","2","","","",""
"https://decimaltools.com/tools/as-a-decimal/11-8","PASS","200","https://decimaltools.com/tools/as-a-decimal/11-8","What is 11/8 as a decimal? | DecimalTools","11/8 as a decimal is 1.375. Instant conversion — also try our full fraction calculator.","en","1","2","","","",""
"https://decimaltools.com/tools/as-a-decimal/13-8","PASS","200","https://decimaltools.com/tools/as-a-decimal/13-8","What is 13/8 as a decimal? | DecimalTools","13/8 as a decimal is 1.625. Instant conversion — also try our full fraction calculator.","en","1","2","","","",""
"https://decimaltools.com/tools/as-a-decimal/15-8","PASS","200","https://decimaltools.com/tools/as-a-decimal/15-8","What is 15/8 as a decimal? | DecimalTools","15/8 as a decimal is 1.875. Instant conversion — also try our full fraction calculator.","en","1","2","","","",""
